at,2020-06-25,0,41
at,2020-06-26,0,28
at,2020-06-27,0,45
at,2020-06-28,0,58
at,2020-06-29,0,74
at,2020-06-30,0,69
at,2020-07-01,0,43
at,2020-07-02,0,107
at,2020-07-03,0,68
at,2020-07-04,0,109
at,2020-07-05,0,115
at,2020-07-06,0,115
at,2020-07-07,0,85
at,2020-07-08,1,56
at,2020-07-09,7,92
at,2020-07-10,7,102
at,2020-07-11,6,94
at,2020-07-12,10,74
at,2020-07-13,15,114
at,2020-07-14,12,51
at,2020-07-15,18,73
at,2020-07-16,21,133
at,2020-07-17,5,116
at,2020-07-18,11,169
at,2020-07-19,11,134
at,2020-07-20,13,82
at,2020-07-21,11,88
at,2020-07-22,10,84
at,2020-07-23,7,102
at,2020-07-24,8,170
at,2020-07-25,9,115
at,2020-07-26,19,124
at,2020-07-27,17,134
at,2020-07-28,0,86
at,2020-07-29,1,119
at,2020-07-30,11,173
at,2020-07-31,8,105
at,2020-08-01,9,175
at,2020-08-02,8,82
at,2020-08-03,6,92
at,2020-08-04,7,81
at,2020-08-05,9,96
at,2020-08-06,12,85
at,2020-08-07,9,130
at,2020-08-08,11,141
at,2020-08-09,16,82
at,2020-08-10,12,114
at,2020-08-11,11,73
at,2020-08-12,13,139
at,2020-08-13,12,194
at,2020-08-14,10,155
at,2020-08-15,13,282
at,2020-08-16,14,303
at,2020-08-17,14,191
at,2020-08-18,16,164
at,2020-08-19,8,295
at,2020-08-20,7,255
at,2020-08-21,8,347
at,2020-08-22,12,331
at,2020-08-23,9,300
at,2020-08-24,14,191
at,2020-08-25,13,242
at,2020-08-26,9,211
at,2020-08-27,14,327
at,2020-08-28,14,328
at,2020-08-29,11,229
at,2020-08-30,9,395
at,2020-08-31,13,181
at,2020-09-01,20,272
at,2020-09-02,19,204
at,2020-09-03,24,327
at,2020-09-04,23,403
at,2020-09-05,15,357
at,2020-09-06,15,358
at,2020-09-07,21,184
at,2020-09-08,19,290
at,2020-09-09,25,520
at,2020-09-10,26,502
at,2020-09-11,27,664
at,2020-09-12,0,580
at,2020-09-13,0,869
at,2020-09-14,1,463
at,2020-09-15,0,382
at,2020-09-16,1,764
at,2020-09-17,0,0
ca,2020-06-25,0,320
ca,2020-06-26,0,376
ca,2020-06-27,0,166
ca,2020-06-28,0,249
ca,2020-06-29,0,315
ca,2020-06-30,0,637
ca,2020-07-01,0,267
ca,2020-07-02,0,191
ca,2020-07-03,0,355
ca,2020-07-04,0,319
ca,2020-07-05,0,223
ca,2020-07-06,0,209
ca,2020-07-07,0,421
ca,2020-07-08,0,208
ca,2020-07-09,0,311
ca,2020-07-10,0,322
ca,2020-07-11,0,328
ca,2020-07-12,0,166
ca,2020-07-13,0,575
ca,2020-07-14,0,246
ca,2020-07-15,0,366
ca,2020-07-16,0,343
ca,2020-07-17,0,451
ca,2020-07-18,0,415
ca,2020-07-19,0,316
ca,2020-07-20,0,293
ca,2020-07-21,0,770
ca,2020-07-22,0,535
ca,2020-07-23,0,317
ca,2020-07-24,0,608
ca,2020-07-25,0,717
ca,2020-07-26,0,355
ca,2020-07-27,0,319
ca,2020-07-28,0,682
ca,2020-07-29,0,400
ca,2020-07-30,0,486
ca,2020-07-31,0,320
ca,2020-08-01,0,604
ca,2020-08-02,0,242
ca,2020-08-03,0,245
ca,2020-08-04,0,205
ca,2020-08-05,0,686
ca,2020-08-06,0,374
ca,2020-08-07,0,354
ca,2020-08-08,0,516
ca,2020-08-09,0,245
ca,2020-08-10,0,219
ca,2020-08-11,0,686
ca,2020-08-12,0,349
ca,2020-08-13,0,314
ca,2020-08-14,0,477
ca,2020-08-15,0,425
ca,2020-08-16,0,220
ca,2020-08-17,0,179
ca,2020-08-18,0,214
ca,2020-08-19,19,866
ca,2020-08-20,16,324
ca,2020-08-21,15,217
ca,2020-08-22,15,694
ca,2020-08-23,13,241
ca,2020-08-24,18,257
ca,2020-08-25,16,777
ca,2020-08-26,18,309
ca,2020-08-27,22,477
ca,2020-08-28,18,456
ca,2020-08-29,20,506
ca,2020-08-30,19,297
ca,2020-08-31,20,249
ca,2020-09-01,21,1030
ca,2020-09-02,20,504
ca,2020-09-03,27,519
ca,2020-09-04,24,586
ca,2020-09-05,30,614
ca,2020-09-06,36,370
ca,2020-09-07,31,379
ca,2020-09-08,31,405
ca,2020-09-09,39,1462
ca,2020-09-10,44,378
ca,2020-09-11,43,821
ca,2020-09-12,43,720
ca,2020-09-13,44,488
ca,2020-09-14,55,476
ca,2020-09-15,66,1458
ca,2020-09-16,0,802
ca,2020-09-17,0,0
ch,2020-06-25,0,44
ch,2020-06-26,0,52
ch,2020-06-27,0,58
ch,2020-06-28,0,70
ch,2020-06-29,0,62
ch,2020-06-30,0,35
ch,2020-07-01,0,63
ch,2020-07-02,10,138
ch,2020-07-03,10,117
ch,2020-07-04,10,134
ch,2020-07-05,10,97
ch,2020-07-06,10,71
ch,2020-07-07,10,47
ch,2020-07-08,10,54
ch,2020-07-09,10,130
ch,2020-07-10,10,88
ch,2020-07-11,10,106
ch,2020-07-12,10,129
ch,2020-07-13,0,66
ch,2020-07-14,10,63
ch,2020-07-15,30,70
ch,2020-07-16,0,131
ch,2020-07-17,2,144
ch,2020-07-18,6,92
ch,2020-07-19,2,112
ch,2020-07-20,21,99
ch,2020-07-21,16,44
ch,2020-07-22,16,108
ch,2020-07-23,17,141
ch,2020-07-24,10,117
ch,2020-07-25,6,155
ch,2020-07-26,13,148
ch,2020-07-27,20,110
ch,2020-07-28,21,66
ch,2020-07-29,21,132
ch,2020-07-30,22,193
ch,2020-07-31,24,221
ch,2020-08-01,15,211
ch,2020-08-02,12,183
ch,2020-08-03,30,138
ch,2020-08-04,28,66
ch,2020-08-05,20,130
ch,2020-08-06,22,181
ch,2020-08-07,20,182
ch,2020-08-08,18,162
ch,2020-08-09,25,183
ch,2020-08-10,38,158
ch,2020-08-11,44,105
ch,2020-08-12,49,188
ch,2020-08-13,46,274
ch,2020-08-14,36,237
ch,2020-08-15,22,271
ch,2020-08-16,28,253
ch,2020-08-17,41,200
ch,2020-08-18,55,129
ch,2020-08-19,44,198
ch,2020-08-20,36,312
ch,2020-08-21,31,266
ch,2020-08-22,25,306
ch,2020-08-23,46,296
ch,2020-08-24,38,276
ch,2020-08-25,38,157
ch,2020-08-26,85,202
ch,2020-08-27,92,383
ch,2020-08-28,0,361
ch,2020-08-29,1,340
ch,2020-08-30,44,377
ch,2020-08-31,0,292
ch,2020-09-01,1,163
ch,2020-09-02,96,216
ch,2020-09-03,94,370
ch,2020-09-04,111,364
ch,2020-09-05,83,405
ch,2020-09-06,72,425
ch,2020-09-07,115,444
ch,2020-09-08,102,191
ch,2020-09-09,79,246
ch,2020-09-10,0,469
ch,2020-09-11,1,405
ch,2020-09-12,85,528
ch,2020-09-13,88,465
ch,2020-09-14,69,475
ch,2020-09-15,97,258
ch,2020-09-16,0,315
ch,2020-09-17,0,0
de,2020-06-25,0,391
de,2020-06-26,0,500
de,2020-06-27,0,665
de,2020-06-28,0,422
de,2020-06-29,0,235
de,2020-06-30,0,349
de,2020-07-01,17,376
de,2020-07-02,8,475
de,2020-07-03,5,477
de,2020-07-04,3,410
de,2020-07-05,9,418
de,2020-07-06,11,325
de,2020-07-07,6,541
de,2020-07-08,11,279
de,2020-07-09,23,356
de,2020-07-10,16,302
de,2020-07-11,4,331
de,2020-07-12,7,377
de,2020-07-13,16,210
de,2020-07-14,18,261
de,2020-07-15,21,276
de,2020-07-16,20,434
de,2020-07-17,19,560
de,2020-07-18,6,595
de,2020-07-19,9,381
de,2020-07-20,13,309
de,2020-07-21,10,590
de,2020-07-22,22,392
de,2020-07-23,17,559
de,2020-07-24,12,605
de,2020-07-25,12,742
de,2020-07-26,8,655
de,2020-07-27,31,389
de,2020-07-28,36,445
de,2020-07-29,41,595
de,2020-07-30,25,839
de,2020-07-31,25,989
de,2020-08-01,24,864
de,2020-08-02,26,606
de,2020-08-03,48,215
de,2020-08-04,47,891
de,2020-08-05,55,717
de,2020-08-06,39,1285
de,2020-08-07,27,926
de,2020-08-08,10,1157
de,2020-08-09,40,707
de,2020-08-10,39,385
de,2020-08-11,66,1220
de,2020-08-12,68,1032
de,2020-08-13,52,1319
de,2020-08-14,53,1422
de,2020-08-15,31,1510
de,2020-08-16,52,697
de,2020-08-17,71,519
de,2020-08-18,75,1693
de,2020-08-19,86,1420
de,2020-08-20,60,1586
de,2020-08-21,63,1586
de,2020-08-22,49,1737
de,2020-08-23,57,832
de,2020-08-24,79,633
de,2020-08-25,85,1628
de,2020-08-26,100,1461
de,2020-08-27,99,1427
de,2020-08-28,61,1561
de,2020-08-29,38,1555
de,2020-08-30,62,709
de,2020-08-31,85,470
de,2020-09-01,110,1497
de,2020-09-02,112,1213
de,2020-09-03,113,1396
de,2020-09-04,77,1429
de,2020-09-05,39,1443
de,2020-09-06,85,775
de,2020-09-07,87,670
de,2020-09-08,123,1898
de,2020-09-09,126,1331
de,2020-09-10,133,1476
de,2020-09-11,101,1716
de,2020-09-12,86,1586
de,2020-09-13,101,1082
de,2020-09-14,176,920
de,2020-09-15,184,1485
de,2020-09-16,0,1792
de,2020-09-17,0,0
dk,2020-06-25,0,54
dk,2020-06-26,0,21
dk,2020-06-27,0,39
dk,2020-06-28,0,0
dk,2020-06-29,0,0
dk,2020-06-30,0,76
dk,2020-07-01,0,17
dk,2020-07-02,0,26
dk,2020-07-03,0,21
dk,2020-07-04,2,17
dk,2020-07-05,0,0
dk,2020-07-06,0,1
dk,2020-07-07,0,46
dk,2020-07-08,1,10
dk,2020-07-09,5,12
dk,2020-07-10,6,16
dk,2020-07-11,2,30
dk,2020-07-12,1,0
dk,2020-07-13,1,0
dk,2020-07-14,4,91
dk,2020-07-15,8,24
dk,2020-07-16,2,31
dk,2020-07-17,3,32
dk,2020-07-18,5,49
dk,2020-07-19,2,0
dk,2020-07-20,1,3
dk,2020-07-21,5,89
dk,2020-07-22,1,40
dk,2020-07-23,1,48
dk,2020-07-24,3,40
dk,2020-07-25,1,48
dk,2020-07-26,1,1
dk,2020-07-27,0,22
dk,2020-07-28,2,110
dk,2020-07-29,11,36
dk,2020-07-30,3,57
dk,2020-07-31,3,96
dk,2020-08-01,4,64
dk,2020-08-02,3,0
dk,2020-08-03,3,0
dk,2020-08-04,10,207
dk,2020-08-05,6,79
dk,2020-08-06,3,126
dk,2020-08-07,5,146
dk,2020-08-08,10,161
dk,2020-08-09,9,4
dk,2020-08-10,8,8
dk,2020-08-11,11,376
dk,2020-08-12,9,156
dk,2020-08-13,8,132
dk,2020-08-14,13,167
dk,2020-08-15,11,168
dk,2020-08-16,13,109
dk,2020-08-17,9,136
dk,2020-08-18,13,124
dk,2020-08-19,12,119
dk,2020-08-20,6,90
dk,2020-08-21,8,117
dk,2020-08-22,7,72
dk,2020-08-23,13,112
dk,2020-08-24,8,78
dk,2020-08-25,9,106
dk,2020-08-26,10,84
dk,2020-08-27,7,57
dk,2020-08-28,10,90
dk,2020-08-29,20,73
dk,2020-08-30,10,79
dk,2020-08-31,8,112
dk,2020-09-01,18,94
dk,2020-09-02,23,99
dk,2020-09-03,17,111
dk,2020-09-04,12,180
dk,2020-09-05,17,174
dk,2020-09-06,22,189
dk,2020-09-07,32,147
dk,2020-09-08,39,230
dk,2020-09-09,0,244
dk,2020-09-10,2,252
dk,2020-09-11,58,317
dk,2020-09-12,44,293
dk,2020-09-13,54,343
dk,2020-09-14,55,338
dk,2020-09-15,0,347
dk,2020-09-16,1,339
dk,2020-09-17,0,0
ee,2020-06-25,0,1
ee,2020-06-26,0,1
ee,2020-06-27,0,2
ee,2020-06-28,0,0
ee,2020-06-29,0,1
ee,2020-06-30,0,0
ee,2020-07-01,0,2
ee,2020-07-02,0,0
ee,2020-07-03,0,1
ee,2020-07-04,0,1
ee,2020-07-05,0,2
ee,2020-07-06,0,0
ee,2020-07-07,0,1
ee,2020-07-08,0,1
ee,2020-07-09,0,8
ee,2020-07-10,0,8
ee,2020-07-11,0,2
ee,2020-07-12,0,1
ee,2020-07-13,0,0
ee,2020-07-14,0,0
ee,2020-07-15,0,1
ee,2020-07-16,0,1
ee,2020-07-17,0,0
ee,2020-07-18,0,4
ee,2020-07-19,0,1
ee,2020-07-20,0,0
ee,2020-07-21,0,0
ee,2020-07-22,0,1
ee,2020-07-23,0,3
ee,2020-07-24,0,2
ee,2020-07-25,0,1
ee,2020-07-26,0,5
ee,2020-07-27,0,1
ee,2020-07-28,0,0
ee,2020-07-29,0,4
ee,2020-07-30,0,4
ee,2020-07-31,0,9
ee,2020-08-01,0,13
ee,2020-08-02,0,8
ee,2020-08-03,0,7
ee,2020-08-04,0,1
ee,2020-08-05,0,11
ee,2020-08-06,0,22
ee,2020-08-07,0,11
ee,2020-08-08,0,9
ee,2020-08-09,0,14
ee,2020-08-10,0,5
ee,2020-08-11,0,6
ee,2020-08-12,0,9
ee,2020-08-13,0,7
ee,2020-08-14,0,0
ee,2020-08-15,0,3
ee,2020-08-16,0,7
ee,2020-08-17,0,6
ee,2020-08-18,0,2
ee,2020-08-19,0,8
ee,2020-08-20,0,7
ee,2020-08-21,0,20
ee,2020-08-22,0,17
ee,2020-08-23,0,21
ee,2020-08-24,0,7
ee,2020-08-25,0,3
ee,2020-08-26,0,19
ee,2020-08-27,0,17
ee,2020-08-28,0,14
ee,2020-08-29,0,18
ee,2020-08-30,0,20
ee,2020-08-31,0,10
ee,2020-09-01,0,2
ee,2020-09-02,0,20
ee,2020-09-03,0,20
ee,2020-09-04,0,26
ee,2020-09-05,0,15
ee,2020-09-06,0,35
ee,2020-09-07,0,25
ee,2020-09-08,0,16
ee,2020-09-09,3,32
ee,2020-09-10,1,21
ee,2020-09-11,2,15
ee,2020-09-12,5,32
ee,2020-09-13,4,23
ee,2020-09-14,0,21
ee,2020-09-15,0,22
ee,2020-09-16,0,24
ee,2020-09-17,0,0
es,2020-06-25,0,334
es,2020-06-26,0,400
es,2020-06-27,0,419
es,2020-06-28,0,564
es,2020-06-29,0,301
es,2020-06-30,0,200
es,2020-07-01,0,301
es,2020-07-02,0,388
es,2020-07-03,0,444
es,2020-07-04,0,442
es,2020-07-05,0,0
es,2020-07-06,0,0
es,2020-07-07,0,1244
es,2020-07-08,0,341
es,2020-07-09,0,383
es,2020-07-10,0,543
es,2020-07-11,29,852
es,2020-07-12,0,0
es,2020-07-13,0,0
es,2020-07-14,1,2045
es,2020-07-15,0,666
es,2020-07-16,1,875
es,2020-07-17,9,1361
es,2020-07-18,2,1400
es,2020-07-19,14,0
es,2020-07-20,7,0
es,2020-07-21,0,4581
es,2020-07-22,1,1358
es,2020-07-23,0,1357
es,2020-07-24,0,2615
es,2020-07-25,0,2255
es,2020-07-26,0,0
es,2020-07-27,1,0
es,2020-07-28,0,6361
es,2020-07-29,0,1828
es,2020-07-30,0,2031
es,2020-07-31,0,2789
es,2020-08-01,0,3092
es,2020-08-02,0,0
es,2020-08-03,0,0
es,2020-08-04,0,8532
es,2020-08-05,0,5760
es,2020-08-06,0,2953
es,2020-08-07,0,4088
es,2020-08-08,0,4507
es,2020-08-09,0,0
es,2020-08-10,0,0
es,2020-08-11,0,8618
es,2020-08-12,0,3632
es,2020-08-13,0,3172
es,2020-08-14,0,7550
es,2020-08-15,0,5479
es,2020-08-16,0,0
es,2020-08-17,0,0
es,2020-08-18,0,16269
es,2020-08-19,0,5114
es,2020-08-20,0,6671
es,2020-08-21,0,7039
es,2020-08-22,0,8148
es,2020-08-23,0,0
es,2020-08-24,0,0
es,2020-08-25,0,19382
es,2020-08-26,0,7117
es,2020-08-27,0,7296
es,2020-08-28,0,9658
es,2020-08-29,0,9779
es,2020-08-30,0,0
es,2020-08-31,0,0
es,2020-09-01,0,23572
es,2020-09-02,0,8115
es,2020-09-03,0,8581
es,2020-09-04,0,8959
es,2020-09-05,0,10476
es,2020-09-06,0,0
es,2020-09-07,0,0
es,2020-09-08,0,26560
es,2020-09-09,16,8964
es,2020-09-10,19,8866
es,2020-09-11,33,10764
es,2020-09-12,32,12183
es,2020-09-13,28,0
es,2020-09-14,23,0
es,2020-09-15,0,27404
es,2020-09-16,1,9437
es,2020-09-17,0,0
fi,2020-06-25,0,12
fi,2020-06-26,0,5
fi,2020-06-27,0,19
fi,2020-06-28,0,7
fi,2020-06-29,0,0
fi,2020-06-30,0,11
fi,2020-07-01,0,5
fi,2020-07-02,0,22
fi,2020-07-03,0,5
fi,2020-07-04,0,1
fi,2020-07-05,0,6
fi,2020-07-06,0,5
fi,2020-07-07,0,4
fi,2020-07-08,0,5
fi,2020-07-09,0,3
fi,2020-07-10,0,8
fi,2020-07-11,0,6
fi,2020-07-12,0,12
fi,2020-07-13,0,3
fi,2020-07-14,0,1
fi,2020-07-15,0,6
fi,2020-07-16,0,-5
fi,2020-07-17,0,-3
fi,2020-07-18,0,8
fi,2020-07-19,0,17
fi,2020-07-20,0,17
fi,2020-07-21,0,5
fi,2020-07-22,0,11
fi,2020-07-23,0,11
fi,2020-07-24,0,10
fi,2020-07-25,0,8
fi,2020-07-26,0,8
fi,2020-07-27,0,5
fi,2020-07-28,0,5
fi,2020-07-29,0,6
fi,2020-07-30,0,10
fi,2020-07-31,0,9
fi,2020-08-01,0,9
fi,2020-08-02,0,11
fi,2020-08-03,0,10
fi,2020-08-04,0,13
fi,2020-08-05,0,17
fi,2020-08-06,0,29
fi,2020-08-07,0,20
fi,2020-08-08,0,22
fi,2020-08-09,0,14
fi,2020-08-10,0,16
fi,2020-08-11,0,17
fi,2020-08-12,0,22
fi,2020-08-13,0,19
fi,2020-08-14,0,41
fi,2020-08-15,0,17
fi,2020-08-16,0,20
fi,2020-08-17,0,11
fi,2020-08-18,0,21
fi,2020-08-19,0,24
fi,2020-08-20,0,29
fi,2020-08-21,0,37
fi,2020-08-22,0,29
fi,2020-08-23,0,35
fi,2020-08-24,0,14
fi,2020-08-25,0,18
fi,2020-08-26,0,43
fi,2020-08-27,0,21
fi,2020-08-28,0,17
fi,2020-08-29,0,23
fi,2020-08-30,0,7
fi,2020-08-31,0,28
fi,2020-09-01,0,9
fi,2020-09-02,0,56
fi,2020-09-03,0,19
fi,2020-09-04,0,39
fi,2020-09-05,0,25
fi,2020-09-06,0,36
fi,2020-09-07,0,30
fi,2020-09-08,0,36
fi,2020-09-09,0,10
fi,2020-09-10,0,93
fi,2020-09-11,13,39
fi,2020-09-12,10,43
fi,2020-09-13,21,45
fi,2020-09-14,17,23
fi,2020-09-15,0,47
fi,2020-09-16,0,98
fi,2020-09-17,0,0
ie,2020-06-25,0,5
ie,2020-06-26,0,9
ie,2020-06-27,0,9
ie,2020-06-28,0,23
ie,2020-06-29,0,2
ie,2020-06-30,0,23
ie,2020-07-01,0,11
ie,2020-07-02,0,4
ie,2020-07-03,0,12
ie,2020-07-04,0,9
ie,2020-07-05,0,11
ie,2020-07-06,0,18
ie,2020-07-07,0,4
ie,2020-07-08,0,7
ie,2020-07-09,1,4
ie,2020-07-10,7,23
ie,2020-07-11,1,24
ie,2020-07-12,3,22
ie,2020-07-13,0,17
ie,2020-07-14,6,10
ie,2020-07-15,2,32
ie,2020-07-16,4,13
ie,2020-07-17,6,15
ie,2020-07-18,1,32
ie,2020-07-19,2,20
ie,2020-07-20,1,10
ie,2020-07-21,3,6
ie,2020-07-22,3,36
ie,2020-07-23,5,17
ie,2020-07-24,1,7
ie,2020-07-25,0,19
ie,2020-07-26,3,24
ie,2020-07-27,0,12
ie,2020-07-28,3,11
ie,2020-07-29,7,37
ie,2020-07-30,1,13
ie,2020-07-31,2,85
ie,2020-08-01,6,38
ie,2020-08-02,2,44
ie,2020-08-03,4,53
ie,2020-08-04,2,46
ie,2020-08-05,8,45
ie,2020-08-06,6,50
ie,2020-08-07,4,69
ie,2020-08-08,9,98
ie,2020-08-09,1,174
ie,2020-08-10,7,68
ie,2020-08-11,0,56
ie,2020-08-12,16,33
ie,2020-08-13,3,37
ie,2020-08-14,1,91
ie,2020-08-15,3,66
ie,2020-08-16,5,196
ie,2020-08-17,3,66
ie,2020-08-18,6,56
ie,2020-08-19,2,186
ie,2020-08-20,19,48
ie,2020-08-21,16,129
ie,2020-08-22,12,79
ie,2020-08-23,11,153
ie,2020-08-24,1,61
ie,2020-08-25,25,147
ie,2020-08-26,25,85
ie,2020-08-27,16,162
ie,2020-08-28,15,90
ie,2020-08-29,20,125
ie,2020-08-30,15,142
ie,2020-08-31,0,40
ie,2020-09-01,17,51
ie,2020-09-02,0,214
ie,2020-09-03,1,89
ie,2020-09-04,3,92
ie,2020-09-05,6,97
ie,2020-09-06,42,231
ie,2020-09-07,3,138
ie,2020-09-08,15,102
ie,2020-09-09,16,306
ie,2020-09-10,30,84
ie,2020-09-11,25,196
ie,2020-09-12,25,211
ie,2020-09-13,32,159
ie,2020-09-14,31,255
ie,2020-09-15,0,207
ie,2020-09-16,1,357
ie,2020-09-17,0,0
it,2020-06-25,0,577
it,2020-06-26,0,296
it,2020-06-27,0,255
it,2020-06-28,0,175
it,2020-06-29,0,174
it,2020-06-30,0,126
it,2020-07-01,2,142
it,2020-07-02,1,182
it,2020-07-03,1,201
it,2020-07-04,0,223
it,2020-07-05,1,235
it,2020-07-06,0,192
it,2020-07-07,2,208
it,2020-07-08,0,137
it,2020-07-09,0,193
it,2020-07-10,0,214
it,2020-07-11,0,276
it,2020-07-12,1,188
it,2020-07-13,0,234
it,2020-07-14,1,169
it,2020-07-15,2,114
it,2020-07-16,1,162
it,2020-07-17,2,230
it,2020-07-18,1,231
it,2020-07-19,1,249
it,2020-07-20,1,218
it,2020-07-21,3,190
it,2020-07-22,2,128
it,2020-07-23,5,280
it,2020-07-24,1,306
it,2020-07-25,0,252
it,2020-07-26,2,274
it,2020-07-27,0,254
it,2020-07-28,1,168
it,2020-07-29,1,202
it,2020-07-30,1,288
it,2020-07-31,1,382
it,2020-08-01,1,379
it,2020-08-02,1,295
it,2020-08-03,1,238
it,2020-08-04,1,159
it,2020-08-05,4,190
it,2020-08-06,1,384
it,2020-08-07,1,401
it,2020-08-08,0,552
it,2020-08-09,4,347
it,2020-08-10,0,463
it,2020-08-11,2,259
it,2020-08-12,1,412
it,2020-08-13,1,476
it,2020-08-14,0,522
it,2020-08-15,1,574
it,2020-08-16,1,629
it,2020-08-17,4,477
it,2020-08-18,2,320
it,2020-08-19,3,401
it,2020-08-20,2,642
it,2020-08-21,4,840
it,2020-08-22,2,947
it,2020-08-23,0,1071
it,2020-08-24,7,1209
it,2020-08-25,1,953
it,2020-08-26,16,876
it,2020-08-27,6,1366
it,2020-08-28,0,1409
it,2020-08-29,2,1460
it,2020-08-30,7,1444
it,2020-08-31,7,1365
it,2020-09-01,9,996
it,2020-09-02,9,975
it,2020-09-03,4,1326
it,2020-09-04,5,1397
it,2020-09-05,2,1732
it,2020-09-06,6,1694
it,2020-09-07,4,1296
it,2020-09-08,7,1150
it,2020-09-09,6,1369
it,2020-09-10,9,1430
it,2020-09-11,3,1597
it,2020-09-12,3,1616
it,2020-09-13,9,1501
it,2020-09-14,8,1456
it,2020-09-15,5,1008
it,2020-09-16,0,1229
it,2020-09-17,0,0
lv,2020-06-25,0,0
lv,2020-06-26,0,0
lv,2020-06-27,0,1
lv,2020-06-28,0,3
lv,2020-06-29,0,1
lv,2020-06-30,0,1
lv,2020-07-01,0,1
lv,2020-07-02,0,3
lv,2020-07-03,0,1
lv,2020-07-04,0,0
lv,2020-07-05,0,1
lv,2020-07-06,0,1
lv,2020-07-07,1,3
lv,2020-07-08,0,7
lv,2020-07-09,0,7
lv,2020-07-10,1,13
lv,2020-07-11,0,11
lv,2020-07-12,0,8
lv,2020-07-13,0,0
lv,2020-07-14,1,1
lv,2020-07-15,0,0
lv,2020-07-16,0,4
lv,2020-07-17,0,1
lv,2020-07-18,0,6
lv,2020-07-19,0,4
lv,2020-07-20,1,3
lv,2020-07-21,0,0
lv,2020-07-22,0,1
lv,2020-07-23,0,4
lv,2020-07-24,0,6
lv,2020-07-25,0,2
lv,2020-07-26,0,1
lv,2020-07-27,0,13
lv,2020-07-28,0,0
lv,2020-07-29,0,1
lv,2020-07-30,0,4
lv,2020-07-31,0,4
lv,2020-08-01,0,3
lv,2020-08-02,0,7
lv,2020-08-03,0,5
lv,2020-08-04,0,3
lv,2020-08-05,0,3
lv,2020-08-06,0,8
lv,2020-08-07,0,18
lv,2020-08-08,1,6
lv,2020-08-09,0,7
lv,2020-08-10,0,2
lv,2020-08-11,0,0
lv,2020-08-12,0,3
lv,2020-08-13,0,10
lv,2020-08-14,0,4
lv,2020-08-15,0,1
lv,2020-08-16,0,7
lv,2020-08-17,0,7
lv,2020-08-18,0,1
lv,2020-08-19,0,0
lv,2020-08-20,1,3
lv,2020-08-21,0,1
lv,2020-08-22,0,3
lv,2020-08-23,0,3
lv,2020-08-24,0,4
lv,2020-08-25,0,0
lv,2020-08-26,0,5
lv,2020-08-27,0,18
lv,2020-08-28,0,6
lv,2020-08-29,0,9
lv,2020-08-30,0,6
lv,2020-08-31,0,12
lv,2020-09-01,0,3
lv,2020-09-02,0,8
lv,2020-09-03,0,2
lv,2020-09-04,0,4
lv,2020-09-05,0,6
lv,2020-09-06,0,9
lv,2020-09-07,0,3
lv,2020-09-08,0,1
lv,2020-09-09,0,3
lv,2020-09-10,0,11
lv,2020-09-11,1,5
lv,2020-09-12,0,11
lv,2020-09-13,0,5
lv,2020-09-14,0,10
lv,2020-09-15,0,3
lv,2020-09-16,0,5
lv,2020-09-17,0,0
pl,2020-06-25,3,294
pl,2020-06-26,0,298
pl,2020-06-27,0,276
pl,2020-06-28,0,319
pl,2020-06-29,0,193
pl,2020-06-30,0,247
pl,2020-07-01,0,239
pl,2020-07-02,0,382
pl,2020-07-03,0,371
pl,2020-07-04,0,259
pl,2020-07-05,0,314
pl,2020-07-06,0,231
pl,2020-07-07,0,205
pl,2020-07-08,0,257
pl,2020-07-09,0,277
pl,2020-07-10,1,262
pl,2020-07-11,0,265
pl,2020-07-12,0,305
pl,2020-07-13,1,370
pl,2020-07-14,0,299
pl,2020-07-15,0,267
pl,2020-07-16,1,264
pl,2020-07-17,0,333
pl,2020-07-18,0,353
pl,2020-07-19,0,339
pl,2020-07-20,1,358
pl,2020-07-21,0,279
pl,2020-07-22,0,399
pl,2020-07-23,0,380
pl,2020-07-24,0,418
pl,2020-07-25,0,458
pl,2020-07-26,0,584
pl,2020-07-27,0,443
pl,2020-07-28,0,337
pl,2020-07-29,0,502
pl,2020-07-30,1,512
pl,2020-07-31,0,615
pl,2020-08-01,0,657
pl,2020-08-02,0,658
pl,2020-08-03,3,548
pl,2020-08-04,1,575
pl,2020-08-05,1,680
pl,2020-08-06,2,640
pl,2020-08-07,0,726
pl,2020-08-08,0,809
pl,2020-08-09,0,843
pl,2020-08-10,1,624
pl,2020-08-11,0,619
pl,2020-08-12,0,551
pl,2020-08-13,1,715
pl,2020-08-14,0,811
pl,2020-08-15,0,832
pl,2020-08-16,1,771
pl,2020-08-17,0,594
pl,2020-08-18,0,595
pl,2020-08-19,0,597
pl,2020-08-20,2,735
pl,2020-08-21,0,767
pl,2020-08-22,0,903
pl,2020-08-23,1,900
pl,2020-08-24,1,581
pl,2020-08-25,0,548
pl,2020-08-26,0,763
pl,2020-08-27,0,729
pl,2020-08-28,0,887
pl,2020-08-29,0,791
pl,2020-08-30,0,759
pl,2020-08-31,1,631
pl,2020-09-01,0,502
pl,2020-09-02,0,550
pl,2020-09-03,0,595
pl,2020-09-04,0,612
pl,2020-09-05,0,691
pl,2020-09-06,0,567
pl,2020-09-07,0,437
pl,2020-09-08,1031,302
pl,2020-09-09,0,400
pl,2020-09-10,79,421
pl,2020-09-11,0,506
pl,2020-09-12,0,594
pl,2020-09-13,0,603
pl,2020-09-14,0,502
pl,2020-09-15,71,377
pl,2020-09-16,0,605
pl,2020-09-17,0,0
ukni,2020-06-25,0,2
ukni,2020-06-26,0,1
ukni,2020-06-27,0,2
ukni,2020-06-28,0,1
ukni,2020-06-29,0,1
ukni,2020-06-30,0,2
ukni,2020-07-01,0,0
ukni,2020-07-02,0,0
ukni,2020-07-03,0,888
ukni,2020-07-04,0,-21
ukni,2020-07-05,0,0
ukni,2020-07-06,0,0
ukni,2020-07-07,0,9
ukni,2020-07-08,0,5
ukni,2020-07-09,0,4
ukni,2020-07-10,0,-871
ukni,2020-07-11,0,878
ukni,2020-07-12,0,0
ukni,2020-07-13,0,0
ukni,2020-07-14,0,16
ukni,2020-07-15,0,2
ukni,2020-07-16,0,9
ukni,2020-07-17,0,16
ukni,2020-07-18,0,19
ukni,2020-07-19,0,0
ukni,2020-07-20,0,0
ukni,2020-07-21,0,23
ukni,2020-07-22,0,2
ukni,2020-07-23,0,9
ukni,2020-07-24,0,8
ukni,2020-07-25,0,15
ukni,2020-07-26,0,0
ukni,2020-07-27,0,0
ukni,2020-07-28,0,21
ukni,2020-07-29,0,0
ukni,2020-07-30,0,18
ukni,2020-07-31,0,8
ukni,2020-08-01,0,10
ukni,2020-08-02,0,0
ukni,2020-08-03,0,0
ukni,2020-08-04,0,40
ukni,2020-08-05,1,8
ukni,2020-08-06,5,10
ukni,2020-08-07,1,43
ukni,2020-08-08,4,15
ukni,2020-08-09,5,0
ukni,2020-08-10,7,0
ukni,2020-08-11,15,76
ukni,2020-08-12,6,0
ukni,2020-08-13,10,77
ukni,2020-08-14,17,0
ukni,2020-08-15,15,0
ukni,2020-08-16,2,82
ukni,2020-08-17,10,92
ukni,2020-08-18,13,39
ukni,2020-08-19,27,41
ukni,2020-08-20,2,34
ukni,2020-08-21,13,51
ukni,2020-08-22,1,20
ukni,2020-08-23,0,71
ukni,2020-08-24,25,0
ukni,2020-08-25,0,129
ukni,2020-08-26,1,47
ukni,2020-08-27,1,72
ukni,2020-08-28,0,69
ukni,2020-08-29,0,85
ukni,2020-08-30,0,89
ukni,2020-08-31,22,49
ukni,2020-09-01,0,58
ukni,2020-09-02,20,49
ukni,2020-09-03,36,71
ukni,2020-09-04,32,77
ukni,2020-09-05,49,61
ukni,2020-09-06,2,118
ukni,2020-09-07,0,106
ukni,2020-09-08,15,141
ukni,2020-09-09,8,40
ukni,2020-09-10,15,49
ukni,2020-09-11,9,78
ukni,2020-09-12,19,88
ukni,2020-09-13,10,104
ukni,2020-09-14,5,87
ukni,2020-09-15,0,109
ukni,2020-09-16,0,79
ukni,2020-09-17,0,0
uksc,2020-06-25,0,13
uksc,2020-06-26,0,1
uksc,2020-06-27,0,9
uksc,2020-06-28,0,9
uksc,2020-06-29,0,2
uksc,2020-06-30,0,5
uksc,2020-07-01,0,5
uksc,2020-07-02,0,6
uksc,2020-07-03,0,2441
uksc,2020-07-04,0,14
uksc,2020-07-05,0,13
uksc,2020-07-06,0,12
uksc,2020-07-07,0,6
uksc,2020-07-08,0,3
uksc,2020-07-09,0,12
uksc,2020-07-10,0,-2458
uksc,2020-07-11,0,2488
uksc,2020-07-12,0,9
uksc,2020-07-13,0,20
uksc,2020-07-14,0,10
uksc,2020-07-15,0,7
uksc,2020-07-16,0,8
uksc,2020-07-17,0,17
uksc,2020-07-18,0,17
uksc,2020-07-19,0,23
uksc,2020-07-20,0,26
uksc,2020-07-21,0,13
uksc,2020-07-22,0,28
uksc,2020-07-23,0,13
uksc,2020-07-24,0,28
uksc,2020-07-25,0,25
uksc,2020-07-26,0,32
uksc,2020-07-27,0,6
uksc,2020-07-28,0,8
uksc,2020-07-29,0,7
uksc,2020-07-30,0,30
uksc,2020-07-31,0,34
uksc,2020-08-01,0,34
uksc,2020-08-02,0,28
uksc,2020-08-03,0,39
uksc,2020-08-04,0,30
uksc,2020-08-05,0,32
uksc,2020-08-06,0,76
uksc,2020-08-07,0,74
uksc,2020-08-08,0,54
uksc,2020-08-09,0,68
uksc,2020-08-10,0,53
uksc,2020-08-11,0,52
uksc,2020-08-12,0,-1
uksc,2020-08-13,0,108
uksc,2020-08-14,0,15
uksc,2020-08-15,0,7
uksc,2020-08-16,0,185
uksc,2020-08-17,0,61
uksc,2020-08-18,0,30
uksc,2020-08-19,0,61
uksc,2020-08-20,0,73
uksc,2020-08-21,0,102
uksc,2020-08-22,0,110
uksc,2020-08-23,0,133
uksc,2020-08-24,0,93
uksc,2020-08-25,0,71
uksc,2020-08-26,0,52
uksc,2020-08-27,0,71
uksc,2020-08-28,0,92
uksc,2020-08-29,0,51
uksc,2020-08-30,0,134
uksc,2020-08-31,0,125
uksc,2020-09-01,0,174
uksc,2020-09-02,0,167
uksc,2020-09-03,0,170
uksc,2020-09-04,0,114
uksc,2020-09-05,0,193
uksc,2020-09-06,0,145
uksc,2020-09-07,0,217
uksc,2020-09-08,0,150
uksc,2020-09-09,0,177
uksc,2020-09-10,0,163
uksc,2020-09-11,0,181
uksc,2020-09-12,0,198
uksc,2020-09-13,0,239
uksc,2020-09-14,0,253
uksc,2020-09-15,27,81
uksc,2020-09-16,0,275
uksc,2020-09-17,0,0
usal,2020-06-25,0,967
usal,2020-06-26,0,1142
usal,2020-06-27,0,977
usal,2020-06-28,0,900
usal,2020-06-29,0,358
usal,2020-06-30,0,1734
usal,2020-07-01,0,870
usal,2020-07-02,0,917
usal,2020-07-03,0,1149
usal,2020-07-04,0,1754
usal,2020-07-05,0,997
usal,2020-07-06,0,1091
usal,2020-07-07,0,925
usal,2020-07-08,0,907
usal,2020-07-09,0,1177
usal,2020-07-10,0,2212
usal,2020-07-11,0,1334
usal,2020-07-12,0,1439
usal,2020-07-13,0,1640
usal,2020-07-14,0,1958
usal,2020-07-15,0,1710
usal,2020-07-16,0,1812
usal,2020-07-17,0,2021
usal,2020-07-18,0,2003
usal,2020-07-19,0,2143
usal,2020-07-20,0,1777
usal,2020-07-21,0,1880
usal,2020-07-22,0,1467
usal,2020-07-23,0,1455
usal,2020-07-24,0,2399
usal,2020-07-25,0,1793
usal,2020-07-26,0,2125
usal,2020-07-27,0,1164
usal,2020-07-28,0,1821
usal,2020-07-29,0,1251
usal,2020-07-30,0,1416
usal,2020-07-31,0,1980
usal,2020-08-01,0,1961
usal,2020-08-02,0,1626
usal,2020-08-03,0,2095
usal,2020-08-04,0,1217
usal,2020-08-05,0,1041
usal,2020-08-06,0,952
usal,2020-08-07,0,1938
usal,2020-08-08,0,1709
usal,2020-08-09,0,1872
usal,2020-08-10,0,1161
usal,2020-08-11,0,1686
usal,2020-08-12,0,831
usal,2020-08-13,0,935
usal,2020-08-14,0,771
usal,2020-08-15,0,752
usal,2020-08-16,0,1271
usal,2020-08-17,0,853
usal,2020-08-18,0,571
usal,2020-08-19,0,1357
usal,2020-08-20,0,1117
usal,2020-08-21,0,971
usal,2020-08-22,0,1183
usal,2020-08-23,0,900
usal,2020-08-24,0,528
usal,2020-08-25,0,1650
usal,2020-08-26,0,532
usal,2020-08-27,0,2012
usal,2020-08-28,0,1769
usal,2020-08-29,0,1162
usal,2020-08-30,0,1704
usal,2020-08-31,0,1346
usal,2020-09-01,0,823
usal,2020-09-02,0,1558
usal,2020-09-03,0,623
usal,2020-09-04,0,1046
usal,2020-09-05,0,1108
usal,2020-09-06,0,1410
usal,2020-09-07,0,511
usal,2020-09-08,0,659
usal,2020-09-09,3,633
usal,2020-09-10,21,811
usal,2020-09-11,131,1148
usal,2020-09-12,0,1138
usal,2020-09-13,2,943
usal,2020-09-14,102,1109
usal,2020-09-15,0,704
usal,2020-09-16,0,1628
usal,2020-09-17,0,0
usde,2020-06-25,0,61
usde,2020-06-26,0,120
usde,2020-06-27,0,74
usde,2020-06-28,0,103
usde,2020-06-29,0,175
usde,2020-06-30,0,181
usde,2020-07-01,0,160
usde,2020-07-02,0,95
usde,2020-07-03,0,259
usde,2020-07-04,0,253
usde,2020-07-05,0,110
usde,2020-07-06,0,194
usde,2020-07-07,0,203
usde,2020-07-08,0,185
usde,2020-07-09,0,125
usde,2020-07-10,0,144
usde,2020-07-11,0,221
usde,2020-07-12,0,144
usde,2020-07-13,0,130
usde,2020-07-14,0,145
usde,2020-07-15,0,167
usde,2020-07-16,0,160
usde,2020-07-17,0,143
usde,2020-07-18,0,347
usde,2020-07-19,0,186
usde,2020-07-20,0,167
usde,2020-07-21,0,176
usde,2020-07-22,0,211
usde,2020-07-23,0,123
usde,2020-07-24,0,214
usde,2020-07-25,0,437
usde,2020-07-26,0,128
usde,2020-07-27,0,185
usde,2020-07-28,0,228
usde,2020-07-29,0,233
usde,2020-07-30,0,216
usde,2020-07-31,0,198
usde,2020-08-01,0,211
usde,2020-08-02,0,228
usde,2020-08-03,0,130
usde,2020-08-04,0,181
usde,2020-08-05,0,210
usde,2020-08-06,0,272
usde,2020-08-07,0,162
usde,2020-08-08,0,167
usde,2020-08-09,0,152
usde,2020-08-10,0,157
usde,2020-08-11,0,138
usde,2020-08-12,0,183
usde,2020-08-13,0,204
usde,2020-08-14,0,290
usde,2020-08-15,0,467
usde,2020-08-16,0,179
usde,2020-08-17,0,132
usde,2020-08-18,0,158
usde,2020-08-19,0,142
usde,2020-08-20,0,114
usde,2020-08-21,0,195
usde,2020-08-22,0,130
usde,2020-08-23,0,173
usde,2020-08-24,0,120
usde,2020-08-25,0,128
usde,2020-08-26,0,95
usde,2020-08-27,0,118
usde,2020-08-28,0,95
usde,2020-08-29,0,236
usde,2020-08-30,0,424
usde,2020-08-31,0,119
usde,2020-09-01,0,169
usde,2020-09-02,0,271
usde,2020-09-03,0,131
usde,2020-09-04,0,272
usde,2020-09-05,0,272
usde,2020-09-06,0,273
usde,2020-09-07,0,270
usde,2020-09-08,0,292
usde,2020-09-09,0,116
usde,2020-09-10,0,89
usde,2020-09-11,0,269
usde,2020-09-12,0,241
usde,2020-09-13,0,287
usde,2020-09-14,0,165
usde,2020-09-15,406,211
usde,2020-09-16,0,300
usde,2020-09-17,0,0
usnv,2020-06-25,0,0
usnv,2020-06-26,0,1340
usnv,2020-06-27,0,394
usnv,2020-06-28,0,1099
usnv,2020-06-29,0,821
usnv,2020-06-30,0,739
usnv,2020-07-01,0,562
usnv,2020-07-02,0,650
usnv,2020-07-03,0,640
usnv,2020-07-04,0,985
usnv,2020-07-05,0,863
usnv,2020-07-06,0,843
usnv,2020-07-07,0,491
usnv,2020-07-08,0,898
usnv,2020-07-09,0,522
usnv,2020-07-10,0,608
usnv,2020-07-11,0,1009
usnv,2020-07-12,0,931
usnv,2020-07-13,0,845
usnv,2020-07-14,0,833
usnv,2020-07-15,0,1126
usnv,2020-07-16,0,851
usnv,2020-07-17,0,1461
usnv,2020-07-18,0,1389
usnv,2020-07-19,0,1182
usnv,2020-07-20,0,1289
usnv,2020-07-21,0,972
usnv,2020-07-22,0,818
usnv,2020-07-23,0,1140
usnv,2020-07-24,0,1271
usnv,2020-07-25,0,972
usnv,2020-07-26,0,935
usnv,2020-07-27,0,1028
usnv,2020-07-28,0,990
usnv,2020-07-29,0,1124
usnv,2020-07-30,0,886
usnv,2020-07-31,0,1023
usnv,2020-08-01,0,1271
usnv,2020-08-02,0,986
usnv,2020-08-03,0,1132
usnv,2020-08-04,0,997
usnv,2020-08-05,0,998
usnv,2020-08-06,0,649
usnv,2020-08-07,0,736
usnv,2020-08-08,0,977
usnv,2020-08-09,0,887
usnv,2020-08-10,0,816
usnv,2020-08-11,0,778
usnv,2020-08-12,0,548
usnv,2020-08-13,0,531
usnv,2020-08-14,0,603
usnv,2020-08-15,0,1103
usnv,2020-08-16,0,870
usnv,2020-08-17,0,698
usnv,2020-08-18,0,662
usnv,2020-08-19,0,684
usnv,2020-08-20,0,398
usnv,2020-08-21,0,563
usnv,2020-08-22,0,853
usnv,2020-08-23,0,646
usnv,2020-08-24,0,537
usnv,2020-08-25,0,419
usnv,2020-08-26,0,407
usnv,2020-08-27,0,260
usnv,2020-08-28,0,559
usnv,2020-08-29,0,636
usnv,2020-08-30,0,612
usnv,2020-08-31,0,451
usnv,2020-09-01,0,324
usnv,2020-09-02,0,406
usnv,2020-09-03,0,242
usnv,2020-09-04,0,353
usnv,2020-09-05,0,493
usnv,2020-09-06,0,393
usnv,2020-09-07,0,514
usnv,2020-09-08,0,364
usnv,2020-09-09,0,138
usnv,2020-09-10,0,159
usnv,2020-09-11,67,295
usnv,2020-09-12,0,263
usnv,2020-09-13,0,423
usnv,2020-09-14,0,317
usnv,2020-09-15,0,286
usnv,2020-09-16,0,238
usnv,2020-09-17,0,0
usva,2020-06-25,0,520
usva,2020-06-26,0,432
usva,2020-06-27,0,624
usva,2020-06-28,0,677
usva,2020-06-29,0,489
usva,2020-06-30,0,453
usva,2020-07-01,0,598
usva,2020-07-02,0,416
usva,2020-07-03,0,532
usva,2020-07-04,0,658
usva,2020-07-05,0,716
usva,2020-07-06,0,639
usva,2020-07-07,0,354
usva,2020-07-08,0,638
usva,2020-07-09,0,635
usva,2020-07-10,0,613
usva,2020-07-11,0,943
usva,2020-07-12,0,851
usva,2020-07-13,0,888
usva,2020-07-14,0,972
usva,2020-07-15,0,801
usva,2020-07-16,0,1084
usva,2020-07-17,0,904
usva,2020-07-18,0,1002
usva,2020-07-19,0,940
usva,2020-07-20,0,1057
usva,2020-07-21,0,945
usva,2020-07-22,0,996
usva,2020-07-23,0,1022
usva,2020-07-24,0,844
usva,2020-07-25,0,1127
usva,2020-07-26,0,1245
usva,2020-07-27,0,958
usva,2020-07-28,0,1505
usva,2020-07-29,0,922
usva,2020-07-30,0,999
usva,2020-07-31,0,911
usva,2020-08-01,0,984
usva,2020-08-02,0,913
usva,2020-08-03,0,981
usva,2020-08-04,0,1324
usva,2020-08-05,0,1145
usva,2020-08-06,0,798
usva,2020-08-07,0,818
usva,2020-08-08,0,2015
usva,2020-08-09,0,1307
usva,2020-08-10,0,897
usva,2020-08-11,0,663
usva,2020-08-12,0,996
usva,2020-08-13,2,776
usva,2020-08-14,1,1101
usva,2020-08-15,2,1216
usva,2020-08-16,3,912
usva,2020-08-17,3,937
usva,2020-08-18,3,734
usva,2020-08-19,4,861
usva,2020-08-20,3,737
usva,2020-08-21,2,860
usva,2020-08-22,3,978
usva,2020-08-23,3,1211
usva,2020-08-24,5,892
usva,2020-08-25,5,663
usva,2020-08-26,8,1003
usva,2020-08-27,6,822
usva,2020-08-28,7,1121
usva,2020-08-29,4,1009
usva,2020-08-30,4,1216
usva,2020-08-31,5,935
usva,2020-09-01,5,846
usva,2020-09-02,6,1018
usva,2020-09-03,8,925
usva,2020-09-04,4,1119
usva,2020-09-05,8,1101
usva,2020-09-06,3,943
usva,2020-09-07,8,1196
usva,2020-09-08,3,639
usva,2020-09-09,6,834
usva,2020-09-10,5,879
usva,2020-09-11,3,1231
usva,2020-09-12,0,1111
usva,2020-09-13,7,1297
usva,2020-09-14,3,874
usva,2020-09-15,7,751
usva,2020-09-16,0,935
usva,2020-09-17,0,0
uswy,2020-06-25,0,28
uswy,2020-06-26,0,44
uswy,2020-06-27,0,43
uswy,2020-06-28,0,25
uswy,2020-06-29,0,25
uswy,2020-06-30,0,33
uswy,2020-07-01,0,38
uswy,2020-07-02,0,27
uswy,2020-07-03,0,36
uswy,2020-07-04,0,33
uswy,2020-07-05,0,25
uswy,2020-07-06,0,29
uswy,2020-07-07,0,42
uswy,2020-07-08,0,34
uswy,2020-07-09,0,32
uswy,2020-07-10,0,31
uswy,2020-07-11,0,24
uswy,2020-07-12,0,51
uswy,2020-07-13,0,24
uswy,2020-07-14,0,44
uswy,2020-07-15,0,49
uswy,2020-07-16,0,35
uswy,2020-07-17,0,41
uswy,2020-07-18,0,44
uswy,2020-07-19,0,42
uswy,2020-07-20,0,19
uswy,2020-07-21,0,62
uswy,2020-07-22,0,54
uswy,2020-07-23,0,55
uswy,2020-07-24,0,63
uswy,2020-07-25,0,63
uswy,2020-07-26,0,41
uswy,2020-07-27,0,29
uswy,2020-07-28,0,46
uswy,2020-07-29,0,72
uswy,2020-07-30,0,39
uswy,2020-07-31,0,59
uswy,2020-08-01,0,44
uswy,2020-08-02,0,43
uswy,2020-08-03,0,41
uswy,2020-08-04,0,41
uswy,2020-08-05,0,37
uswy,2020-08-06,0,41
uswy,2020-08-07,0,36
uswy,2020-08-08,0,50
uswy,2020-08-09,0,17
uswy,2020-08-10,0,37
uswy,2020-08-11,0,-4
uswy,2020-08-12,0,31
uswy,2020-08-13,0,16
uswy,2020-08-14,0,40
uswy,2020-08-15,0,68
uswy,2020-08-16,0,44
uswy,2020-08-17,0,60
uswy,2020-08-18,0,46
uswy,2020-08-19,0,31
uswy,2020-08-20,0,72
uswy,2020-08-21,0,30
uswy,2020-08-22,0,68
uswy,2020-08-23,0,19
uswy,2020-08-24,0,37
uswy,2020-08-25,0,26
uswy,2020-08-26,0,30
uswy,2020-08-27,0,52
uswy,2020-08-28,0,59
uswy,2020-08-29,0,74
uswy,2020-08-30,0,-6
uswy,2020-08-31,0,35
uswy,2020-09-01,0,23
uswy,2020-09-02,0,25
uswy,2020-09-03,0,37
uswy,2020-09-04,0,31
uswy,2020-09-05,0,53
uswy,2020-09-06,0,1
uswy,2020-09-07,0,42
uswy,2020-09-08,0,2
uswy,2020-09-09,0,73
uswy,2020-09-10,0,48
uswy,2020-09-11,0,50
uswy,2020-09-12,0,63
uswy,2020-09-13,0,38
uswy,2020-09-14,0,53
uswy,2020-09-15,406,50
uswy,2020-09-16,0,48
uswy,2020-09-17,0,0
